{
    "A": {
        "AK": {
            "AK": 0.5714285714285714,
            "KK": 0.2857142857142857,
            "AA": 0.14285714285714285
        }
    },
    "K": {
        "AK": {
            "AK": 0.5714285714285714,
            "KK": 0.14285714285714285,
            "AA": 0.2857142857142857
        }
    }
}