{
    "A": {
        "AKQ": {
            "KQ": 0.2909090909090909,
            "AQ": 0.21818181818181817,
            "QQ": 0.10909090909090909,
            "AK": 0.21818181818181817,
            "KK": 0.10909090909090909,
            "AA": 0.05454545454545454
        }
    },
    "Q": {
        "AKQ": {
            "KQ": 0.21818181818181817,
            "AQ": 0.21818181818181817,
            "QQ": 0.05454545454545454,
            "AK": 0.2909090909090909,
            "KK": 0.10909090909090909,
            "AA": 0.10909090909090909
        }
    },
    "K": {
        "AKQ": {
            "KQ": 0.21818181818181817,
            "AQ": 0.2909090909090909,
            "QQ": 0.10909090909090909,
            "AK": 0.21818181818181817,
            "KK": 0.05454545454545454,
            "AA": 0.10909090909090909
        }
    }
}