{
    "A": {
        "AQ": {
            "AKQ": 0.0
        },
        "AK": {
            "AKQ": 0.0
        },
        "AA": {
            "AKQ": 0.0
        },
        "KQ": {
            "AKQ": 0.6666666666666666
        },
        "QQ": {
            "AKQ": 0.2222222222222222
        },
        "KK": {
            "AKQ": 0.2222222222222222
        }
    },
    "Q": {
        "AQ": {
            "AKQ": 0.3333333333333333
        },
        "AK": {
            "AKQ": 0.6666666666666666
        },
        "AA": {
            "AKQ": 0.6666666666666666
        },
        "KQ": {
            "AKQ": 0.3333333333333333
        },
        "QQ": {
            "AKQ": 0.0
        },
        "KK": {
            "AKQ": 0.6666666666666666
        }
    },
    "K": {
        "AQ": {
            "AKQ": 0.6666666666666666
        },
        "AK": {
            "AKQ": 0.3333333333333333
        },
        "AA": {
            "AKQ": 0.2222222222222222
        },
        "KQ": {
            "AKQ": 0.0
        },
        "QQ": {
            "AKQ": 0.6666666666666666
        },
        "KK": {
            "AKQ": 0.0
        }
    }
}