{
    "Q": {
        "first_0.5_0_A_AA_AK": {
            "bet": 1.1962475388134872,
            "check": 0.4814191524050199
        },
        "first_0.5_0_A_AK_AK": {
            "bet": 0.9916042070828006,
            "check": 0.6289001052954891
        },
        "first_0.5_0_A_KK_AK": {
            "bet": -0.4511418924884809,
            "check": -0.3935562511962273
        },
        "first_0.5_0_A_none_AK": {
            "bet": 1.2209935709435442,
            "check": 0.8901616203544134
        },
        "first_0.5_0_K_AA_AK": {
            "bet": -0.7524113701987877,
            "check": -0.37012732961889144
        },
        "first_0.5_0_K_AK_AK": {
            "bet": -0.664131467350898,
            "check": -0.3949787056427771
        },
        "first_0.5_0_K_KK_AK": {
            "bet": 1.2295159999853,
            "check": 0.7020697790143761
        },
        "first_0.5_0_K_none_AK": {
            "bet": -0.11199055926762758,
            "check": -0.3167343309371595
        },
        "first_0.5_1_A_AA_AK": {
            "bet": 0.9406861862000369,
            "fold": 0.0
        },
        "first_0.5_1_A_AK_AK": {
            "bet": 1.0076657628073147,
            "fold": -0.14952714873472914
        },
        "first_0.5_1_A_KK_AK": {
            "bet": -0.5691495203536149,
            "fold": -0.4999999999999994
        },
        "first_0.5_1_A_none_AK": {
            "bet": 1.2563188586028706,
            "fold": -0.4999987341265859
        },
        "first_0.5_1_K_AA_AK": {
            "bet": -0.8593647595049734,
            "fold": -0.4999999999999996
        },
        "first_0.5_1_K_AK_AK": {
            "bet": -0.955929065324729,
            "fold": -0.49999999999999967
        },
        "first_0.5_1_K_KK_AK": {
            "bet": 1.139040617645419,
            "fold": -0.02276008621428947
        },
        "first_0.5_1_K_none_AK": {
            "bet": -0.6420874094817335,
            "fold": -0.49999999999999983
        },
        "first_1.5_0_A_AA_AK": {
            "bet": 2.17111637908518,
            "check": 1.5245617366036852
        },
        "first_1.5_0_A_AK_AK": {
            "bet": 1.7369120771621633,
            "check": 1.1428040922659373
        },
        "first_1.5_0_A_KK_AK": {
            "bet": 0.05456445929426723,
            "check": -1.0053586482468486
        },
        "first_1.5_0_K_AA_AK": {
            "bet": -0.06040652173795369,
            "check": -1.1123305761307138
        },
        "first_1.5_0_K_AK_AK": {
            "bet": -0.43271376682770046,
            "check": -1.225488260314292
        },
        "first_1.5_0_K_KK_AK": {
            "bet": 2.2597351834981967,
            "check": 1.5701386147863121
        },
        "first_1.5_1_A_AA_AK": {
            "bet": 2.173427455508304,
            "fold": -0.4061296195119806
        },
        "first_1.5_1_A_AK_AK": {
            "bet": 1.4269390663529404,
            "fold": -1.3208311516419124
        },
        "first_1.5_1_A_KK_AK": {
            "bet": -1.529085847327814,
            "fold": -1.4932130277210296
        },
        "first_1.5_1_A_none_AK": {
            "bet": 2.150575529049035,
            "fold": -1.4999999999999976
        },
        "first_1.5_1_K_AA_AK": {
            "bet": -1.5513782789243904,
            "fold": -1.4999049491531715
        },
        "first_1.5_1_K_AK_AK": {
            "bet": -1.5474016113096476,
            "fold": -1.4999999999999987
        },
        "first_1.5_1_K_KK_AK": {
            "bet": 2.038828948763477,
            "fold": -1.3402194772313039
        },
        "first_1.5_1_K_none_AK": {
            "bet": -0.5356132924242853,
            "fold": -1.4999999999999976
        },
        "first_2.5_0_A_AA_AK": {
            "bet": 2.639601636228577,
            "check": 2.258988911764167
        },
        "first_2.5_0_A_AK_AK": {
            "bet": 2.4899518820465523,
            "check": 1.903162483403198
        },
        "first_2.5_0_A_KK_AK": {
            "bet": -0.7148116116903623,
            "check": -1.3551413281132922
        },
        "first_2.5_0_K_AA_AK": {
            "bet": -0.2314074527068512,
            "check": -1.2302444963364838
        },
        "first_2.5_0_K_AK_AK": {
            "bet": -0.6660079439205583,
            "check": -1.8142005728349901
        },
        "first_2.5_0_K_KK_AK": {
            "bet": 3.1609897596454553,
            "check": 2.3825943892489287
        },
        "first_2.5_1_A_AA_AK": {
            "bet": 2.7885246116438487,
            "fold": -2.3943607773173294
        },
        "first_2.5_1_A_AK_AK": {
            "bet": 2.17372256673413,
            "fold": -2.4998207409133917
        },
        "first_2.5_1_A_KK_AK": {
            "bet": -1.4145497509459175,
            "fold": -2.4961967233589593
        },
        "first_2.5_1_K_AA_AK": {
            "bet": -0.9776100026642406,
            "fold": -2.4915158939764535
        },
        "first_2.5_1_K_AK_AK": {
            "bet": -2.5163217729504495,
            "fold": -2.499999999999996
        },
        "first_2.5_1_K_KK_AK": {
            "bet": 2.7351303869310093,
            "fold": -1.5194916248716246
        },
        "first_3.5_1_A_AA_AK": {
            "bet": 3.609897026012034,
            "fold": -2.313098877637242
        },
        "first_3.5_1_A_AK_AK": {
            "bet": 2.5664835945540987,
            "fold": -3.4961278589326445
        },
        "first_3.5_1_A_KK_AK": {
            "bet": -1.6796029541323647,
            "fold": -3.4078715901662653
        },
        "first_3.5_1_K_AA_AK": {
            "bet": -1.7898691681606957,
            "fold": -3.4282026781973896
        },
        "first_3.5_1_K_AK_AK": {
            "bet": -3.6054792450385555,
            "fold": -3.499999999999995
        },
        "first_3.5_1_K_KK_AK": {
            "bet": 3.697042301737975,
            "fold": -2.1935171297138183
        },
        "second_0.5_0_A_AA_AK": {
            "check": 0.07389967293062819,
            "raise": 0.7375523254862828
        },
        "second_0.5_0_A_AK_AK": {
            "check": 0.25309223369260525,
            "raise": 0.7291419757505734
        },
        "second_0.5_0_A_KK_AK": {
            "check": -0.2828012459735815,
            "raise": -0.22830074853566432
        },
        "second_0.5_0_A_none_AK": {
            "check": 0.5252679252488557,
            "raise": 0.8774274144522645
        },
        "second_0.5_0_K_AA_AK": {
            "check": -0.1475027751662612,
            "raise": -0.571003679354066
        },
        "second_0.5_0_K_AK_AK": {
            "check": -0.28004035271335687,
            "raise": -0.3609441773759255
        },
        "second_0.5_0_K_KK_AK": {
            "check": 0.18701844503270393,
            "raise": 0.865126250556149
        },
        "second_0.5_0_K_none_AK": {
            "check": 0.1467630363147942,
            "raise": 0.6186292797715813
        },
        "second_0.5_1_A_AA_AK": {
            "bet": 1.280197312438063,
            "fold": -0.10081302394492041,
            "raise": 0.8186301471062171
        },
        "second_0.5_1_A_AK_AK": {
            "bet": 0.8426903153949706,
            "fold": -0.16915141128158168,
            "raise": 0.5457866175586839
        },
        "second_0.5_1_A_KK_AK": {
            "bet": -0.5026031786105993,
            "fold": -0.49498424012320136,
            "raise": -0.5428164756761559
        },
        "second_0.5_1_A_none_AK": {
            "bet": 1.2432211204252352,
            "fold": -0.4999999999999995,
            "raise": 1.7248232202858131
        },
        "second_0.5_1_K_AA_AK": {
            "bet": -0.5216203201045523,
            "fold": -0.4999071542872306,
            "raise": 0.44893256079879656
        },
        "second_0.5_1_K_AK_AK": {
            "bet": -0.8915760971067899,
            "fold": -0.4999999999999997,
            "raise": -0.5011827508614011
        },