{
    "A": {
        "AQ": {
            "AKQ": 0.7777777777777778
        },
        "AK": {
            "AKQ": 0.7777777777777778
        },
        "AA": {
            "AKQ": 0.8888888888888888
        },
        "KQ": {
            "AKQ": 0.0
        },
        "QQ": {
            "AKQ": 0.4444444444444444
        },
        "KK": {
            "AKQ": 0.4444444444444444
        }
    },
    "Q": {
        "AQ": {
            "AKQ": 0.4444444444444444
        },
        "AK": {
            "AKQ": 0.0
        },
        "AA": {
            "AKQ": 0.0
        },
        "KQ": {
            "AKQ": 0.4444444444444444
        },
        "QQ": {
            "AKQ": 0.8888888888888888
        },
        "KK": {
            "AKQ": 0.0
        }
    },
    "K": {
        "AQ": {
            "AKQ": 0.0
        },
        "AK": {
            "AKQ": 0.4444444444444444
        },
        "AA": {
            "AKQ": 0.4444444444444444
        },
        "KQ": {
            "AKQ": 0.7777777777777778
        },
        "QQ": {
            "AKQ": 0.0
        },
        "KK": {
            "AKQ": 0.8888888888888888
        }
    }
}